[
    {
        "id": "E35A5C9C-F1EA-4B3D-9980-E2240B363AC8",
        "name": "Apple Pie",
        "category": 0,
        "ingredients": [
            "¾ cup white sugar",
            "2 Tbsp. all-purpose flour",
            "½ tsp. ground cinnamon",
            "¼ tsp. ground nutmeg",
            "½ tsp. lemon zest",
            "7 cups thinly sliced apples",
            "2 tsp. lemon juice",
            "1 Tbsp. butter",
            "1 recipe pastry for a 9-inch double-crust pie",
            "4 Tbsp. milk"
        ],
        "related": [
            "D0820C1A-1AFB-4472-97DA-39A475304048"
        ]
    },
    {
        "id": "B95B2D99-F45D-4B74-9EC4-526914FFC414",
        "name": "Baklava",
        "category": 0,
        "ingredients": [
            "6 oz shelled pistachios, coarsely chopped",
            "6 oz walnuts, coarsely chopped",
            "6 oz hazelnuts, coarsely chopped",
            "¼ cup sugar",
            "1 Tbsp. ground cinnamon",
            "large pinch of ground cloves",
            "16 oz package phyllo dough, thawed",
            "12 Tbsp. unsalted butter, melted"
        ],
        "related": []
    },
    {
        "id": "E17C729D-1E09-48F6-99E2-5BB959F5AE70",
        "name": "Bolo de Rolo",
        "category": 0,
        "ingredients": [
            "45 Tbsp. unsalted butter, melted",
            "3 cups sugar",
            "9 large eggs yolks, at room temperature",
            "9 large eggs whites, beaten",
            "4½ cups all-purpose flour",
        ],
        "related": []
    },
    {
        "id": "89202A12-2B04-4EFE-ADC5-D1ECE7A25389",
        "name": "Chocolate Crackle Cookies",
        "category": 0,
        "ingredients": [
            "250 g Copha",
            "1 cup icing sugar",
            "½ cup unsweetened cocoa powder",
            "4 cups rice crispies",
            "1 cup desiccated coconut"
        ],
        "related": []
    },
    {
        "id": "412EA92A-40B5-4CFE-9379-627A1C80FFE1",
        "name": "Crème Brûlée",
        "category": 0,
        "ingredients": [
            "2 cups heavy or light cream, or half-and-half",
            "1 vanilla bean or 1 tsp. vanilla extract",
            "⅛ tsp. salt",
            "5 egg yolks",
            "½ cup sugar"
        ],
        "related": []
    },
    {
        "id": "4792C8AE-9596-4502-A9CB-806E2DFEA408",
        "name": "Fruit Pie Filling",
        "category": 0,
        "ingredients": [
            "strawberries",
            "strawberries and rhubarb, cut in ½-inch pieces",
            "blackberries and sliced or chopped peaches",
            "gooseberries and red currants",
            "strawberries and red currants",
            "cherries and berries",
            "raspberries and sliced or chopped nectarines",
            "blueberries and sliced or chopped apricots"
        ],
        "related": [
            "D0820C1A-1AFB-4472-97DA-39A475304048"
        ]
    },
    {
        "id": "331C25F6-4FED-4DA5-980E-7E619855DE92",
        "name": "Kanom Thong Ek",
        "category": 0,
        "ingredients": [
            "1 cup wheat flour",
            "1 cup coconut milk",
            "1 cup sugar",
            "6 egg yolks"
        ],
        "related": []
    },
    {
        "id": "1EAA5288-8D2B-4969-AF97-ED591796B456",
        "name": "Mochi",
        "category": 0,
        "ingredients": [
            "1 cup sweetened red bean paste",
            "1 cup glutinous rice flour",
            "1 tsp. green tea powder (matcha)",
            "1 cup water",
            "¼ cup white sugar",
            "½ cup cornstarch"
        ],
        "related": []
    },
    {
        "id": "416F4F5A-A81C-40FD-87F1-060B0F57DE6D",
        "name": "Marzipan",
        "category": 0,
        "ingredients": [
            "1 cup almond flour, finely ground",
            "9 Tbsp. powdered sugar",
            "1½ Tbsp. water",
            "¼-½ tsp. almond extract",
            "½ tsp. rose water"
        ],
        "related": []
    },
    {
        "id": "D0820C1A-1AFB-4472-97DA-39A475304048",
        "name": "Pie Crust",
        "category": 0,
        "ingredients": [
            "2½ cups all-purpose flour",
            "1 Tbsp. powdered sugar",
            "1 tsp. sea salt",
            "½ cup shortening",
            "½ cup butter (cold, cut into small pieces)",
            "⅓ cup cold water (plus more as needed)"
        ],
        "related": [
            "E35A5C9C-F1EA-4B3D-9980-E2240B363AC8",
            "4792C8AE-9596-4502-A9CB-806E2DFEA408"
        ]
    },
    {
        "id": "3D9FEA8C-B38E-4739-8B4B-424885D76926",
        "name": "Shortbread Biscuits",
        "category": 0,
        "ingredients": [
            "16 Tbsp. unsalted butter",
            "½ cup sugar",
            "1 tsp. vanilla",
            "2 cups all-purpose flour",
            "¼ cup cornstarch",
            "⅛ tsp. salt",
        ],
        "related": []
    },
    {
        "id": "586B9A4C-410A-40D2-AE40-BC32351A5C08",
        "name": "Tiramisu",
        "category": 0,
        "ingredients": [
            "6 large egg yolks",
            "¾ cup white sugar",
            "⅔ cup milk",
            "1¼ cups heavy cream",
            "½ tsp. vanilla extract",
            "1 lb. mascarpone cheese, at room temperature",
            "¼ cup strong brewed coffee, at room temperature",
            "2 Tbsp. rum",
            "2 (3 oz.) packages fo ladyfinger cookies",
            "1 Tbsp. unsweetened cocoa powder"
        ],
        "related": []
    },
    {
        "id": "9BD6C3B2-30CB-425E-8D60-7F07D0BA720C",
        "name": "Crêpe",
        "category": 1,
        "ingredients": [
            "1 cup all-purpose flour",
            "2 large eggs",
            "½ cup milk",
            "½ cup water",
            "¼ tsp. salt",
            "2 Tbsp. unsalted butter, melted"
        ],
        "related": []
    },
    {
        "id": "117E5CD4-8FF9-43FB-ACAE-53C35A648F6F",
        "name": "Jian Bing",
        "category": 1,
        "ingredients": [
            "16 ready-made wonton wrappers",
            "cooking oil, for deep-frying",
            "½ cup all-purpose flour",
            "¼ cup wholemeal flour",
            "1¼ cup water",
            "4 large eggs",
            "4 tsp. toasted sesame seeds",
            "4 tsp. finely chopped scallions",
            "4 tsp. soybean paste",
            "4 tsp. chili garlic sauce"
        ],
        "related": []
    },
    {
        "id": "4584B877-E482-4FF2-824E-FC667BFAD271",
        "name": "American",
        "category": 1,
        "ingredients": [
            "1½ cups all-purpose flour",
            "3½ tsp. baking powder",
            "¼ tsp. salt",
            "1 Tbsp. white sugar",
            "1¼ cups milk",
            "1 large egg",
            "3 Tbsp. unsalted butter, melted"
        ],
        "related": []
    },
    {
        "id": "5666FEB6-90DB-4CD2-91FA-D6F00986E90E",
        "name": "Dosa",
        "category": 1,
        "ingredients": [
            "½ cup urad dal",
            "1½ cups water",
            "1½ cups basmati rice",
            "2 Tbsp. chana dal",
            "½ tsp. fenugreek seeds",
            "2 Tbsp. poha",
            "½ tsp. rock salt"
        ],
        "related": []
    },
    {
        "id": "752DAEB8-123E-4C48-A190-79742AA56869",
        "name": "Injera",
        "category": 1,
        "ingredients": [
            "2½ cups teff flour",
            "2½ cups rice flour",
            "1 cup water",
            "½ Tbsp. active dry yeast",
            "½ Tbsp. white sugar",
            "1 qt. tepid water",
            "1 tsp. salt",
            "vegetable oil or ghee, for frying"
        ],
        "related": []
    },
    {
        "id": "F0D54AF2-04AD-4F08-ACE4-7886FCAE1F7B",
        "name": "Acar Awak",
        "category": 2,
        "ingredients": [
            "1 cup carrots",
            "1 cup cucumbers",
            "2 tsp. salt",
            "2½ cups water",
            "4 tsp. white vinegar",
            "½ cup white cabbage",
            "¼ cup french beans",
            "½ cup cauliflower",
            "3 chili peppers (fresh)",
            "4 chili peppers (dried)",
            "4 shallots",
            "1 tsp. galangal",
            "3 garlic cloves",
            "1 lemongrass stalk",
            "2 Tbsp. oil",
            "1 tsp. tamarind paste",
            "1½ tsp. shrimp paste (dried)",
            "1 tsp. turmeric (fresh)",
            "1 candlenut",
            "⅛ cup peanuts",
            "pinch of salt",
            "pinch of sugar",
            "pinch of sesame seeds"
        ],
        "related": []
    },
    {
        "id": "F7FD59E8-F1AE-4331-8667-D5534817F7E7",
        "name": "Ambrosia",
        "category": 2,
        "ingredients": [
            "¾ cup heavy cream, chilled",
            "¼ cup powdered sugar",
            "½ tsp. vanilla extract",
            "½ cup sour cream",
            "4 cups mini marshmallows",
            "1½ cups sweetened shredded coconut",
            "11 oz mandarin oranges, well-drained (1 can)",
            "¾ cup maraschino cherries, stems removed",
            "1 cup pineapple tidbits, well-drained"
        ],
        "related": []
    },
    {
        "id": "3DE38C07-F985-4E05-810C-1108A777766B",
        "name": "Bok L'hong",
        "category": 2,
        "ingredients": [
            "1 lb green papaya (shredded)",
            "5 soft shell crabs",
            "2 Tbsp. lime juice",
            "2 Thai chilies",
            "2 Tbsp. prahok (cooked)",
            "2 Tbsp. shrimp paste (dried)",
            "½ tomato (sliced)",
            "2 long beans, cut to 1-inch length",
            "1 Tbsp. fish sauce",
            "3 garlic cloves",
            "1 Tbsp. palm sugar (optional)",
            "2 Tbsp. roasted peanuts (crushed), for garnish"
        ],
        "related": []
    },
    {
        "id": "055D963C-0546-4578-AF18-6FBEE249EF35",
        "name": "Caprese",
        "category": 2,
        "ingredients": [
            "3 vine-ripe tomatoes, sliced ¼-inch thick",
            "1 lb. fresh mozzarella, sliced ¼-inch thick",
            "1 bunch fresh basil",
            "extra-virgin olive oil, for drizzling",
            "coarse salt and pepper"
        ],
        "related": []
    },
    {
        "id": "50B62AF4-89AF-4D00-9832-E200FEC01279",
        "name": "Ceviche",
        "category": 2,
        "ingredients": [
            "1 lb. snapper, bass, halibut, or other ocean fish fillets, cut into ½-inch dice",
            "1½ cups lime juice (fresh)",
            "1 medium white onion, chopped into ½-inch pieces",
            "2 medium-large tomatoes, chopped into ½-inch pieces",
            "2 serranos, stemmed, seeded and finely chopped",
            "⅓ cup chilantro, chopped",
            "⅓ cup manzanillo olives, chopped and pitted",
            "2 Tbsp. extra-virgin olive oil (optional)",
            "salt",
            "3 Tbsp. orange juice (fresh)",
            "1 large avocado (ripe), peeled, pitted and diced",
            "tostadas, tortilla chips or saltine crackers, for serving"
        ],
        "related": []
    },
    {
        "id": "87AD6B33-FFD2-4E5C-BC4B-59769F7AC7E3",
        "name": "Çoban Salatası",
        "category": 2,
        "ingredients": [
            "1 medium onion, finely chopped",
            "1 cucumber, cubed",
            "2 green peppers, cubed",
            "3 tomatoes, peeled and cubed",
            "1 bunch parsley, minced",
            "1 bunch dill, minced",
            "olive oil",
            "pomegranate molasses",
            "salt",
            "black pepper"
        ],
        "related": []
    },
    {
        "id": "8A9BC0D5-A931-4381-BDA8-713DF6389FE7",
        "name": "Fiambre",
        "category": 2,
        "ingredients": [
            "¾ cup parsley, chopped",
            "½ cup white wine vinegar",
            "2 Tbsp. capers, drained",
            "1 Tbsp. Dijon mustard",
            "6 scallions, roughly chopped",
            "1 (7-oz.) jar pimientos, drained",
            "1 clove garlic, sliced thin",
            "1 tsp ginger, sliced thin",
            "1 cup olive oil",
            "salt and black pepper, to taste",
            "1 lb. boneless, skinless chicken breasts, poached and cut into 1-inch cubes",
            "1 lb. medium head-on, un-peeled shrimp, boiled",
            "1 lb. peeled Yukon gold potatoes, boiled and halved",
            "8 oz. cooked uncured chorizo sausage, cut into ¼-inch slices",
            "8 oz. cooked linguiça sausage, cut into ¼-inch slices",
            "4 oz. green beans, trimmed and boiled until tender",
            "3 oz. salami, cut into ½-inch strips",
            "3 oz. ham, cut into ½-inch strips",
            "1 cup peas (frozen)",
            "4 medium carrots, cut into ½-inch rounds, boiled until tender",
            "4 ribs celery, cut into ½-inch slices, boiled until tender",
            "1 head cauliflower, cut into florets, boiled until tender",
            "4 medium beets, roasted, peeled, and quartered",
            "1 small head green leaf lettuce, leaves separated",
            "1 small head red leaf lettuce, leaves separated",
            "8 oz. farmer’s cheese or feta",
            "3 oz. mini gherkins, drained",
            "3 oz. Spanish olives, pitted",
            "5 radishes, quartered",
            "4 boiled eggs, quartered",
            "3 pacayas (date palms)"
        ],
        "related": []
    },
    {
        "id": "E9497D38-49E0-4A18-939B-63A3F2C7C0B4",
        "name": "Kachumbari",
        "category": 2,
        "ingredients": [
            "1 medium red onion",
            "3 large tomatoes",
            "1 avocado (ripe)",
            "1 bunch coriander leaves (fresh)",
            "2 Tbsp. lime juice (fresh)",
            "1½ tsp. sea salt (to taste)",
            "1 Tbsp. olive oil",
            "1 small chili (optional)",
            "¾ cup water"
        ],
        "related": []
    },
    {
        "id": "DE9F7106-4D0C-4EAC-B44C-A8D8ECD81087",
        "name": "Niçoise",
        "category": 2,
        "ingredients": [
            "½ lb. potatoes, quartered",
            "¼ cup parsley (fresh), chopped",
            "¼ cup Niçoise olives, pitted",
            "½ onion, thinly sliced",
            "1 (5 oz.) can tuna",
            "⅓ lb. green beans (fresh), rinsed, trimmed and blanched",
            "½ lb. mixed salad greens",
            "1 cup lemon vinaigrette",
            "3 hard-cooked eggs, quartered",
            "3 roma (plum) tomatoes, thinly sliced",
            "1 Tbsp. capers",
            "4 anchovy filets"
        ],
        "related": []
    },
    {
        "id": "0B2C6317-04A3-4481-A4D0-594074D35A41",
        "name": "Bánh mì",
        "category": 3,
        "ingredients": [
            "1 (14 oz.) package extra firm tofu",
            "extra-virgin olive oil, for the pan",
            "4 baguette pieces, sliced in half",
            "Mayo, or vegan mayo",
            "A few sprigs of cilantro per sandwich",
            "Sriracha",
            "1 small daikon, sliced into matchsticks",
            "2 small carrots, sliced into matchsticks",
            "½ small cucumber, seeded & sliced into matchsticks",
            "½ jalapeño, thinly sliced",
            "¼ cup white wine vinegar, more as needed",
            "¼ cup rice vinegar, more as needed",
            "Pinches of sugar",
            "Pinches of salt",
            "1 Tbsp. olive oil",
            "2 Tbsp. tamari",
            "Juice of ½ lime, and zest",
            "1 garlic clove, minced",
            "½ tsp. ginger, minced",
            "Freshly ground black pepper"
        ],
        "related": []
    },
    {
        "id": "F8A54030-E8FE-4699-BADC-49D15725D30D",
        "name": "Tramezzino",
        "category": 3,
        "ingredients": [
            "2 slices white bread, crusts removed",
            "1 Tbsp. mayonnaise",
            "2 Tbsp. canned tuna in olive oil",
            "½ soft boiled egg, roughly chopped",
            "3 kalamata olives, sliced in half",
            "½ tsp. scallions, diced"
        ],
        "related": []
    },
    {
        "id": "553BAF3E-2232-4D59-ADE4-62B0FC7FDC0C",
        "name": "Shawarma",
        "category": 3,
        "ingredients": [
            "2 lb. chicken thighs, skinless and boneless",
            "2 large garlic clove, 1 minced and 1 crushed",
            "1 Tbsp. ground coriander",
            "2 Tbsp. ground cumin",
            "1 Tbsp. ground cardamon",
            "1 tsp. ground cayenne pepper",
            "2 tsp. smoked paprika",
            "2 tsp. salt",
            "black pepper (to taste)",
            "4 Tbsp. lemon juice (fresh)",
            "3 Tbsp. extra-virgin olive oil",
            "1 cup Greek yogurt",
            "4 flatbreads (Lebanese or pita bread)",
            "1 head lettuce, sliced",
            "2 tomatoes, sliced",
            "1 large red onion, finely sliced",
            "4 oz. cheeze, shredded (optional)",
            "dash of hot sauce (optional)"
        ],
        "related": []
    },
    {
        "id": "0F6147EE-7314-4F61-BCAA-041F559AAB45",
        "name": "Pambazo",
        "category": 3,
        "ingredients": [
            "2½ cups potatoes, diced",
            "3 guajillo peppers, seeds and veins removed",
            "2 (3 oz.) chorizos",
            "2 Tbsp. vegetable oil",
            "1 large garlic clove",
            "8 black peppercorns",
            "½ tsp. Mexican oregano",
            "6 Teleras (or Kaiser rolls), sliced lengthwise",
            "1½ cup of lettuce, shredded",
            "¼ cup crumbled cheese",
            "2 Tbsp. Mexican cream",
            "salt (to taste)"
        ],
        "related": []
    },
    {
        "id": "F4D76211-7AB8-4328-9382-76A36BFF57C0",
        "name": "Po' boy",
        "category": 3,
        "ingredients": [
            "1 lb. medium shrimp, peeled and deveined",
            "1 cup buttermilk",
            "¼ cup Crystal hot sauce, divided",
            "1 Tbsp. kosher salt, plus more to taste",
            "1 cup all-purpose flour",
            "¾ cup yellow cornmeal",
            "½ tsp. cayenne pepper",
            "½ tsp. oregano (dried)",
            "½ tsp thyme (dried)",
            "½ tsp. garlic powder",
            "½ tsp. ground black pepper (fresh)",
            "¼ cup mayonnaise",
            "vegetable oil, for frying",
            "2 (10-inch) Po' boy rolls (or French hero rolls), halved lengthwise",
            "1 beefsteak tomato, thinly sliced",
            "1 cup lettuce, shredded",
            "2 Tbsp. cornichons, thinly sliced (for garnish)"
        ],
        "related": []
    },
    {
        "id": "749B3BE3-D030-4A20-A893-CF2721479FD2",
        "name": "Katsu sando",
        "category": 3,
        "ingredients": [
            "1 cup panko (Japanese breadcrumbs)",
            "1½ Tbsp. neutral-flavored oil (vegetable, rice bran, canola, etc.)",
            "2 boneless pork loin chops",
            "½ tsp. kosher salt",
            "ground black pepper (fresh)",
            "2 Tbsp. all-purpose flour",
            "1 large egg",
            "1 leaf cabbage",
            "4 slices shokupan (Japanese Pullman loaf bread or pain de mie)",
            "2 tsp. unsalted butter",
            "2 tsp. Dijon mustard",
            "4 Tbsp. tonkatsu sauce"
        ],
        "related": []
    },
    {
        "id": "51657BE4-55D5-40BE-A220-985CB00F4DEB",
        "name": "Choripán",
        "category": 3,
        "ingredients": [
            "4 chorizo sausages (fresh), Argentinian-style if possible",
            "4 hero rolls, split lengthwise, connected on one side like a hinge",
            "¼ cup Italian parsley (fresh), finely chopped",
            "¼ cup white onion, minced",
            "1 small garlic clove, grated",
            "⅓ cup extra-virgin olive oil",
            "3 Tbsp. red wine vinegar",
            "½ tsp. kosher salt",
            "¼ tsp. ground black pepper (fresh)"
        ],
        "related": []
    }
]
