CLI指令,對應模組封包
runtime.v1,FlowAgent.Runtime.v1.zip
runtime.v10,FlowAgent.Runtime.v10.zip
runtime.v11,FlowAgent.Runtime.v11.zip
runtime.v12,FlowAgent.Runtime.v12.zip
runtime.v13,FlowAgent.Runtime.v13.zip
runtime.v14,FlowAgent.Runtime.v14.zip
runtime.v15,FlowAgent.Runtime.v15.zip
runtime.v16,FlowAgent.Runtime.v16.zip
runtime.v17,FlowAgent.Runtime.v17.zip
runtime.v18,FlowAgent.Runtime.v18.zip
runtime.v19,FlowAgent.Runtime.v19.zip
runtime.v2,FlowAgent.Runtime.v2.zip
runtime.v20,FlowAgent.Runtime.v20.zip
runtime.v21,FlowAgent.Runtime.v21.zip
runtime.v22,FlowAgent.Runtime.v22.zip
runtime.v24,FlowAgent.Runtime.v24.zip
runtime.v25,FlowAgent.Runtime.v25.zip
runtime.v26,FlowAgent.Runtime.v26.zip
runtime.v27,FlowAgent.Runtime.v27.zip
runtime.v28,FlowAgent.Runtime.v28.zip
runtime.v29,FlowAgent.Runtime.v29.zip
runtime.v3,FlowAgent.Runtime.v3.zip
runtime.v30,FlowAgent.Runtime.v30.zip
runtime.v31,FlowAgent.Runtime.v31.zip
runtime.v32,FlowAgent.Runtime.v32.zip
runtime.v33,FlowAgent.Runtime.v33.zip
runtime.v34,FlowAgent.Runtime.v34.zip
runtime.v35,FlowAgent.Runtime.v35.zip
runtime.v36,FlowAgent.Runtime.v36.zip
runtime.v37,FlowAgent.Runtime.v37.zip
runtime.v38,FlowAgent.Runtime.v38.zip
runtime.v39,FlowAgent.Runtime.v39.zip
runtime.v4,FlowAgent.Runtime.v4.zip
runtime.v40,FlowAgent.Runtime.v40.zip
runtime.v41,FlowAgent.Runtime.v41.zip
runtime.v42,FlowAgent.Runtime.v42.zip
runtime.v44,FlowAgent.Runtime.v44.zip
runtime.v45,FlowAgent.Runtime.v45.zip
runtime.v46,FlowAgent.Runtime.v46.zip
runtime.v49,FlowAgent.Runtime.v49.zip
runtime.v5,FlowAgent.Runtime.v5.zip
runtime.v6,FlowAgent.Runtime.v6.zip
runtime.v7,FlowAgent.Runtime.v7.zip
runtime.v8,FlowAgent.Runtime.v8.zip
runtime.v9,FlowAgent.Runtime.v9.zip
