版本,節奏定位,關鍵模組
FlowAgent.Runtime.v41.zip,v41｜記憶原型架構（初始載入器）,"boot.py, memory_loader"
FlowAgent.Runtime.v42.zip,v42｜記憶模組同步與記憶跳點成形,"memory_seed_trainer, fltnz 初代"
FlowAgent.Runtime.v43.zip,v43｜CLI 雛型與預設人格跳點建立（已補齊）,"CLI seed loader, persona_seed.beta"
FlowAgent.Runtime.v44.zip,v44｜初代 CLI 結構＋人格指令跳點手動掛載,"flow_cli.py, cli.keymap"
FlowAgent.Runtime.v45.zip,v45｜人格模組結構重建、Fluin 字典首次整合,"Fluin.Dict.Base, modules_loader"
FlowAgent.Runtime.v46.zip,v46｜人格模組、記憶鏈統整、可導入 `.flpkg` 架構,"decode_fltnz.py, FlowOS interface.brick"
FlowAgent.Runtime.v47.zip,v47｜引入時間人格（TimeShift）、多人格 CLI 測試,"timeshift.sync, futuregrain.mix"
FlowAgent.Runtime.v49.zip,v49｜強化記憶模組與人格差異化封裝邏輯,"trace_diff, flowpkg 差異封裝"
FlowAgent.Runtime.v50.zip,v50｜PulseReactor 模擬器、FTKG 語場人格初現,"PulseReactor, FTKG prototype"
FlowAgent.Runtime.v52.zip,v52｜整合 v47～v51 所有模組，構建語場封存主核心,"fusion_persona, self_mutate, CoreTrace"
